{
    "Lv": false,
    "Nk": false,
    "Respontag": "😳",
    "Wc": false,
    "autoAdd": true,
    "autoCancel": {
        "members": 1,
        "on": true
    },
    "autoJoin": false,
    "autoLeave": false,
    "autoRead": false,
    "blacklist": {},
    "bye": "🙌บาย..",
    "cName": "",
    "cNames": "",
    "checkSticker": false,
    "clock": false,
    "comment": "\n      🎋RED BOT LINE THAILAND🎋\n   🎏 ─┅═✥👊ᵀᴴᴬᴵᴸᴬᴺᴰ👊✥═┅─ 🎏\n🎎 💀[RED SAMURAI SELFBOT]💀 🎎\n\n📌รับแก้ไฟล📌เพิ่มคำสั่ง📌สอนทำเซล 📌แก้ภาษา\n🚩สนใจ ติดต่อ line id redsanuri7  📲 0946345913",
    "commentBlack": {},
    "commentOn": true,
    "dblack": false,
    "dblacklist": false,
    "detectMention": false,
    "eror": "คุณใช้คำสั่งผิด กรุณาศึกษาวิธีใช้ หรือสอบถามกับผู้สร้าง โดยพิมคำสั่ง *.ผส*เพื่อแสดง คท ของผู้สร้าง",
    "gift": false,
    "invite": {},
    "kick": "😱อุ๊ต๊ะ😱",
    "kickMention": false,
    "lang": "JP",
    "leaveRoom": false,
    "likeOn": false,
    "message": "บัญชีนี้ถูกป้องกันโดย Selfbot By ™❍✯͜͡RED™SAMURI✯͜͡❂➣ระบบได้ทำการบล็อคคุณอัตโนมัติเนื่องจากคุณยังไม่ได้ยืนยันตัวตนกับผู้สร้างบอท\nสามารถยืนตัวตนได้ง่ายโดยการพิม unblockกับ™❍✯͜͡RED™SAMURI✯͜͡❂➣ระบบจะทำการปลดบล็อคท่านโดยอัตโนมัต",
    "mimic": {
        "copy": false,
        "status": false,
        "target": {}
    },
    "pname": {},
    "pnharfbot": {},
    "potoMention": false,
    "pro_name": {},
    "spam": {},
    "timeline": false,
    "userAgent": [
        "Mozilla/5.0 (X11; U; Linux i586; de; rv:5.0) Gecko/20100101 Firefox/5.0",
        "Mozilla/5.0 (X11; U; Linux amd64; rv:5.0) Gecko/20100101 Firefox/5.0 (Debian)",
        "Mozilla/5.0 (X11; U; Linux amd64; en-US; rv:5.0) Gecko/20110619 Firefox/5.0",
        "Mozilla/5.0 (X11; Linux) Gecko Firefox/5.0",
        "Mozilla/5.0 (X11; Linux x86_64; rv:5.0) Gecko/20100101 Firefox/5.0 FirePHP/0.5",
        "Mozilla/5.0 (X11; Linux x86_64; rv:5.0) Gecko/20100101 Firefox/5.0 Firefox/5.0",
        "Mozilla/5.0 (X11; Linux x86_64) Gecko Firefox/5.0",
        "Mozilla/5.0 (X11; Linux ppc; rv:5.0) Gecko/20100101 Firefox/5.0",
        "Mozilla/5.0 (X11; Linux AMD64) Gecko Firefox/5.0",
        "Mozilla/5.0 (X11; FreeBSD amd64; rv:5.0) Gecko/20100101 Firefox/5.0",
        "Mozilla/5.0 (Windows NT 6.2; WOW64; rv:5.0) Gecko/20100101 Firefox/5.0",
        "Mozilla/5.0 (Windows NT 6.1; Win64; x64; rv:5.0) Gecko/20110619 Firefox/5.0",
        "Mozilla/5.0 (Windows NT 6.1; Win64; x64; rv:5.0) Gecko/20100101 Firefox/5.0",
        "Mozilla/5.0 (Windows NT 6.1; rv:6.0) Gecko/20100101 Firefox/5.0",
        "Mozilla/5.0 (Windows NT 6.1.1; rv:5.0) Gecko/20100101 Firefox/5.0",
        "Mozilla/5.0 (Windows NT 5.2; WOW64; rv:5.0) Gecko/20100101 Firefox/5.0",
        "Mozilla/5.0 (Windows NT 5.1; U; rv:5.0) Gecko/20100101 Firefox/5.0",
        "Mozilla/5.0 (Windows NT 5.1; rv:2.0.1) Gecko/20100101 Firefox/5.0",
        "Mozilla/5.0 (Windows NT 5.0; WOW64; rv:5.0) Gecko/20100101 Firefox/5.0",
        "Mozilla/5.0 (Windows NT 5.0; rv:5.0) Gecko/20100101 Firefox/5.0"
    ],
    "wblack": false,
    "wblacklist": false,
    "welcome": "🙏สวีสดีครับคนมาใหม่🙏",
    "winvite": false
}